{"cameraMode":{"drawMode":2,"name":"Shaded Wireframe","section":"Shading Mode"},"sceneLighting":false,"audioPlay":false,"sceneViewState":{"showFog":true,"showMaterialUpdate":false,"showSkybox":true,"showFlares":true,"showImageEffects":true,"showParticleSystems":true},"in2DMode":false,"pivot":{"x":-0.1604209840297699,"y":-0.057262130081653598,"z":-0.06576745957136154},"rotation":{"x":-0.0493868887424469,"y":0.8070906400680542,"z":-0.06820732355117798,"w":-0.5843914747238159},"size":0.4440706968307495,"orthographic":false}